Bivalvia	Crassostrea gigas	29159	24
Leptocardii	Branchiostoma floridae	7739	22
Gastropoda	Gigantopelta aegis	1735272	21
Bivalvia	Crassostrea virginica	6565	20
Actinopteri	Salmo trutta	8032	19
Actinopteri	Carassius auratus	7957	15
Actinopteri	Coregonus clupeaformis	59861	13
Gastropoda	Patella vulgata	6465	13
Actinopteri	Acipenser ruthenus	7906	13
Actinopteri	Salmo salar	8030	12
Bivalvia	Pecten maximus	6579	12
Cephalopoda	Octopus sinensis	2607531	12
Gastropoda	Pomacea canaliculata	400727	11
Hyperoartia	Petromyzon marinus	7757	10
Actinopteri	Esox lucius	8010	10
Cephalopoda	Octopus bimaculoides	37653	10
Actinopteri	Chanos chanos	29144	10
Actinopteri	Anguilla anguilla	7936	10
Actinopteri	Polyodon spathula	7913	9
Actinopteri	Micropterus dolomieu	147949	9
Actinopteri	Salvelinus namaycush	8040	9
Actinopteri	Cyprinus carpio	7962	9
Actinopteri	Oncorhynchus kisutch	8019	9
Actinopteri	Oncorhynchus tshawytscha	74940	8
Actinopteri	Megalops cyprinoides	118141	8
Actinopteri	Gasterosteus aculeatus aculeatus	69293	8
Actinopteri	Anabas testudineus	64144	8
Actinopteri	Sander lucioperca	283035	8
Actinopteri	Oncorhynchus mykiss	8022	8
Actinopteri	Tachysurus fulvidraco	1234273	8
Actinopteri	Fundulus heteroclitus	8078	8
Actinopteri	Ictalurus punctatus	7998	8
Actinopteri	Oncorhynchus gorbuscha	8017	8
Actinopteri	Mastacembelus armatus	205130	7
Actinopteri	Brienomyrus brachyistius	42636	7
Actinopteri	Lates calcarifer	8187	7
Actinopteri	Hypomesus transpacificus	137520	7
Actinopteri	Gambusia affinis	33528	7
Actinopteri	Girardinichthys multiradiatus	208333	7
Actinopteri	Oreochromis niloticus	8128	7
Cladistia	Erpetoichthys calabaricus	27687	7
Actinopteri	Etheostoma cragini	417921	7
Actinopteri	Etheostoma spectabile	54343	7
Actinopteri	Melanotaenia boesemani	1250792	7
Actinopteri	Oreochromis aureus	47969	7
Actinopteri	Kryptolebias marmoratus	37003	7
Actinopteri	Salvelinus sp. IW2-2015	2691554	7
Actinopteri	Xiphophorus maculatus	8083	7
Actinopteri	Xiphophorus hellerii	8084	7
Actinopteri	Solea senegalensis	28829	7
Actinopteri	Sparus aurata	8175	7
Actinopteri	Thunnus maccoyii	8240	7
Actinopteri	Thunnus albacares	8236	7
Actinopteri	Archocentrus centrarchus	63155	7
Actinopteri	Betta splendens	158456	7
Actinopteri	Oncorhynchus nerka	8023	6
Actinopteri	Astyanax mexicanus	7994	6
Actinopteri	Cottoperca gobio	56716	6
Actinopteri	Perca fluviatilis	8168	6
Actinopteri	Siniperca chuatsi	119488	6
Actinopteri	Perca flavescens	8167	6
Actinopteri	Cyclopterus lumpus	8103	6
Actinopteri	Epinephelus moara	300413	6
Actinopteri	Epinephelus fuscoguttatus	293821	6
Actinopteri	Epinephelus lanceolatus	310571	6
Actinopteri	Silurus meridionalis	175797	6
Amphibia	Xenopus tropicalis	8364	6
Chondrichthyes	Amblyraja radiata	386614	6
Actinopteri	Alosa sapidissima	34773	6
Actinopteri	Xiphias gladius	8245	6
Actinopteri	Megalobrama amblycephala	75352	6
Actinopteri	Gouania willdenowi	441366	6
Actinopteri	Xiphophorus couchianus	32473	6
Actinopteri	Larimichthys crocea	215358	6
Actinopteri	Plectropomus leopardus	160734	6
Mammalia	Ovis aries	9940	6
Actinopteri	Acanthopagrus latus	8177	6
Actinopteri	Sebastes umbrosus	72105	6
Cladistia	Polypterus senegalus	55291	6
Actinopteri	Scophthalmus maximus	52904	6
Actinopteri	Puntigrus tetrazona	1606681	6
Mammalia	Cervus elaphus	9860	6
Actinopteri	Salarias fasciatus	181472	6
Mammalia	Bubalus bubalis	89462	6
Mammalia	Cervus canadensis	1574408	6
Actinopteri	Cheilinus undulatus	241271	6
Ceratodontiformes	Protopterus annectens	7888	6
Actinopteri	Hippoglossus hippoglossus	8267	5
Mammalia	Bos indicus x Bos taurus	30522	5
Testudines	Dermochelys coriacea	27794	5
Actinopteri	Oryzias melastigma	30732	5
Mammalia	Sus scrofa	9823	5
Actinopteri	Thalassophryne amazonica	390379	5
Lepidosauria	Thamnophis elegans	35005	5
Mammalia	Bos indicus	9915	5
Actinopteri	Echeneis naucrates	173247	5
Actinopteri	Myripristis murdjan	586833	5
Mammalia	Camelus ferus	419612	5
Actinopteri	Alosa alosa	278164	5
Actinopteri	Scleropages formosus	113540	5
Actinopteri	Mugil cephalus	48193	5
Actinopteri	Toxotes jaculatrix	941984	5
Actinopteri	Gadus morhua	8049	5
Mammalia	Pan paniscus	9597	5
Mammalia	Bos taurus	9913	5
Amphibia	Geotrypetes seraphini	260995	5
Actinopteri	Hippoglossus stenolepis	195615	5
Actinopteri	Scatophagus argus	75038	5
Testudines	Chelonia mydas	8469	5
Actinopteri	Notolabrus celidotus	1203425	5
Actinopteri	Clupea harengus	7950	5
Mammalia	Phacochoerus africanus	41426	5
Actinopteri	Parambassis ranga	210632	5
Actinopteri	Cynoglossus semilaevis	244447	5
Mammalia	Capra hircus	9925	5
Actinopteri	Sphaeramia orbicularis	375764	5
Actinopteri	Periophthalmus magnuspinnatus	409849	5
Actinopteri	Danio rerio	7955	5
Mammalia	Papio anubis	9555	5
Chondrichthyes	Scyliorhinus canicula	7830	5
Mammalia	Choloepus didactylus	27675	5
Mammalia	Peromyscus leucopus	10041	4
Chondrichthyes	Rhincodon typus	259920	4
Mammalia	Vulpes lagopus	494514	4
Mammalia	Tursiops truncatus	9739	4
Mammalia	Perognathus longimembris pacificus	38669	4
Mammalia	Meles meles	9662	4
Amphibia	Microcaecilia unicolor	1415580	4
Mammalia	Rhinopithecus roxellana	61622	4
Actinopteri	Maylandia zebra	106582	4
Mammalia	Peromyscus maniculatus bairdii	10042	4
Mammalia	Jaculus jaculus	51337	4
Mammalia	Trichosurus vulpecula	9337	4
Mammalia	Sarcophilus harrisii	9305	4
Mammalia	Macaca mulatta	9544	4
Mammalia	Macaca fascicularis	9541	4
Mammalia	Lutra lutra	9657	4
Mammalia	Phocoena sinus	42100	4
Mammalia	Leopardus geoffroyi	46844	4
Mammalia	Lemur catta	9447	4
Mammalia	Piliocolobus tephrosceles	591936	4
Actinopteri	Poecilia reticulata	8081	4
Mammalia	Zalophus californianus	9704	4
Mammalia	Microcebus murinus	30608	4
Mammalia	Pan troglodytes	9598	4
Mammalia	Pongo abelii	9601	4
Amphibia	Rhinatrema bivittatum	194408	4
Mammalia	Panthera tigris	9694	4
Actinopteri	Oryzias latipes	8090	4
Lepidosauria	Sphaerodactylus townsendi	933632	4
Chondrichthyes	Stegostoma fasciatum	378071	4
Mammalia	Orcinus orca	9733	4
Mammalia	Onychomys torridus	38674	4
Mammalia	Suncus etruscus	109475	4
Actinopteri	Pseudochaenichthys georgianus	52239	4
Mammalia	Suricata suricatta	37032	4
Actinopteri	Syngnathus acus	161584	4
Mammalia	Panthera uncia	29064	4
Actinopteri	Nothobranchius furzeri	105023	4
Mammalia	Nomascus leucogenys	61853	4
Mammalia	Neosciurus carolinensis	30640	4
Mammalia	Neomonachus schauinslandi	29088	4
Mammalia	Neogale vison	452646	4
Actinopteri	Nematolebias whitei	451745	4
Mammalia	Mustela erminea	36723	4
Mammalia	Prionailurus viverrinus	61388	4
Actinopteri	Pygocentrus nattereri	42514	4
Mammalia	Prionailurus bengalensis	37029	4
Mammalia	Monodelphis domestica	13616	4
Mammalia	Microtus ochrogaster	79684	4
Mammalia	Theropithecus gelada	9565	4
Mammalia	Panthera leo	9689	4
Amphibia	Rana temporaria	8407	4
Mammalia	Lynx canadensis	61383	4
Mammalia	Gorilla gorilla gorilla	9593	4
Branchiopoda	Daphnia pulicaria	35523	4
Mammalia	Equus quagga	89248	4
Mammalia	Gracilinanus agilis	191870	4
Mammalia	Canis lupus familiaris	9612	4
Mammalia	Canis lupus dingo	9612	4
Mammalia	Camelus dromedarius	9838	4
Mammalia	Cricetulus griseus	10029	4
Mammalia	Equus caballus	9796	4
Mammalia	Callithrix jacchus	9483	4
Branchiopoda	Daphnia magna	35525	4
Mammalia	Felis catus	9685	4
Mammalia	Equus asinus	9793	4
Actinopteri	Denticeps clupeoides	299321	4
Testudines	Caretta caretta	8467	4
Mammalia	Balaenoptera musculus	9771	4
Actinopteri	Chelmon rostratus	109905	4
Actinopteri	Astatotilapia calliptera	8154	4
Mammalia	Arvicola amphibius	1047088	4
Mammalia	Elephas maximus indicus	9783	4
Actinopteri	Electrophorus electricus	8005	4
Chondrichthyes	Chiloscyllium plagiosum	36176	4
Mammalia	Homo sapiens	9606	4
Mammalia	Dromiciops gliroides	33562	4
Mammalia	Ailuropoda melanoleuca	9646	4
Mammalia	Ictidomys tridecemlineatus	43179	4
Chondrichthyes	Carcharodon carcharias	13397	4
Branchiopoda	Daphnia pulex	6669	3
Insecta	Diprion similis	362088	3
Mammalia	Ornithorhynchus anatinus	9258	3
Mammalia	Ochotona princeps	9978	3
Mammalia	Phyllostomus discolor	89673	3
Insecta	Ischnura elegans	197161	3
Testudines	Chrysemys picta bellii	8479	3
Insecta	Bradysia coprophila	38358	3
Anthozoa	Acropora millepora	45264	3
Lepidosauria	Anolis carolinensis	28377	3
Actinopteri	Takifugu rubripes	31033	3
Mammalia	Tachyglossus aculeatus	9261	3
Mammalia	Arvicanthis niloticus	61156	3
Lepidosauria	Sceloporus undulatus	8520	3
Amphibia	Bufo bufo	8384	3
Lepidosauria	Podarcis muralis	64176	3
Arachnida	Rhipicephalus sanguineus	34632	3
Amphibia	Bufo gargarizans	30331	3
Mammalia	Rhinolophus ferrumequinum	59479	3
Mammalia	Rattus rattus	10117	3
Mammalia	Rattus norvegicus	10116	3
Insecta	Neodiprion pinetum	441929	3
Insecta	Neodiprion virginianus	2961670	3
Lepidosauria	Zootoca vivipara	8524	3
Insecta	Neodiprion lecontei	441921	3
Actinopteri	Lepisosteus oculatus	7918	3
Mammalia	Mus musculus	10090	3
Mammalia	Mus caroli	10089	3
Insecta	Monomorium pharaonis	307658	3
Anthozoa	Nematostella vectensis	45351	3
Insecta	Neodiprion fabricii	2872261	3
Insecta	Manduca sexta	7130	3
Mammalia	Mus pahari	10093	3
Testudines	Gopherus evgoodei	1825980	3
Testudines	Mauremys reevesii	260615	3
Testudines	Mauremys mutica	74926	3
Lepidosauria	Lacerta agilis	80427	3
Mammalia	Mastomys coucha	35658	3
Hexanauplia	Lepeophtheirus salmonis	72036	2
Insecta	Schistocerca cancellata	274614	2
Insecta	Bactrocera dorsalis	27457	2
Insecta	Bactrocera neohumeralis	98809	2
Insecta	Bactrocera tryoni	59916	2
Insecta	Schistocerca serialis cubense	2023354	2
Insecta	Schistocerca piceifrons	274613	2
Insecta	Schistocerca nitens	7011	2
Insecta	Schistocerca gregaria	7010	2
Aves	Aythya fuligula	219594	2
Insecta	Belonocnema kinseyi	2817044	2
Insecta	Schistocerca americana	7009	2
Aves	Lonchura striata domestica	40157	2
Insecta	Lucilia cuprina	7375	2
Aves	Hirundo rustica	43150	2
Insecta	Bombus huntii	85661	2
Insecta	Bombus pyrosoma	396416	2
Insecta	Bombus terrestris	30195	2
Insecta	Bombyx mori	7091	2
Insecta	Hermetia illucens	343691	2
Aves	Accipiter gentilis	8957	2
Insecta	Helicoverpa zea	7113	2
Arachnida	Rhipicephalus microplus	6941	2
Insecta	Helicoverpa armigera	29058	2
Chromadorea	Caenorhabditis briggsae	6238	2
Insecta	Maniola hyperantus	2795564	2
Insecta	Solenopsis invicta	13686	2
Insecta	Spodoptera litura	69820	2
Insecta	Aricia agestis	91739	2
Insecta	Anopheles arabiensis	7173	2
Insecta	Zerene cesonia	33412	2
Insecta	Aedes aegypti	7159	2
Insecta	Aethina tumida	116153	2
Aves	Lagopus muta	64668	2
Aves	Anas platyrhynchos	8839	2
Amphibia	Xenopus laevis	8355	2
Hydrozoa	Hydra vulgaris	6087	2
Insecta	Venturia canescens	32260	2
Insecta	Vanessa cardui	171605	2
Insecta	Vanessa atalanta	42275	2
Insecta	Anopheles aquasalis	42839	2
Insecta	Trichoplusia ni	7111	2
Insecta	Tribolium castaneum	7070	2
Testudines	Trachemys scripta elegans	34903	2
Insecta	Anopheles coluzzii	1518534	2
Aves	Aquila chrysaetos chrysaetos	8962	2
Insecta	Anopheles darlingi	43151	2
Insecta	Anopheles funestus	62324	2
Insecta	Anopheles gambiae str. PEST	7165	2
Insecta	Anopheles maculipalpis	1496333	2
Insecta	Teleopsis dalmanni	139649	2
Insecta	Leguminivora glycinivorella	1035111	2
Aves	Taeniopygia guttata	59729	2
Insecta	Anopheles merus	30066	2
Insecta	Anopheles stephensi	30069	2
Insecta	Anthonomus grandis grandis	7044	2
Insecta	Aphidius gifuensis	684658	2
Chromadorea	Strongyloides ratti	34506	2
Insecta	Apis mellifera	7460	2
Insecta	Spodoptera frugiperda	7108	2
Insecta	Maniola jurtina	191418	2
Insecta	Harmonia axyridis	115357	2
Aves	Calypte anna	9244	2
Arachnida	Dermacentor silvarum	543639	2
Insecta	Drosophila ananassae	7217	2
Insecta	Drosophila albomicans	7291	2
Insecta	Drosophila yakuba	7245	2
Insecta	Nasonia vitripennis	7425	2
Insecta	Diabrotica virgifera virgifera	50389	2
Insecta	Osmia bicornis bicornis	1437190	2
Aves	Oxyura jamaicensis	8884	2
Aves	Parus major	9157	2
Aves	Motacilla alba alba	45807	2
Insecta	Danaus plexippus plexippus	13037	2
Insecta	Papilio machaon	76193	2
Aves	Camarhynchus parvulus	87175	2
Aves	Cygnus olor	8869	2
Aves	Cygnus atratus	8868	2
Insecta	Ooceraea biroi	2015173	2
Insecta	Drosophila busckii	30019	2
Insecta	Drosophila innubila	198719	2
Insecta	Drosophila mauritiana	7226	2
Insecta	Drosophila melanogaster	7227	2
Insecta	Drosophila miranda	7229	2
Insecta	Drosophila pseudoobscura	7237	2
Insecta	Drosophila santomea	129105	2
Insecta	Drosophila sechellia	7238	2
Insecta	Nymphalis io	171585	2
Aves	Numida meleagris	8996	2
Insecta	Drosophila simulans	7240	2
Insecta	Drosophila subobscura	7241	2
Insecta	Drosophila subpulchrella	1486046	2
Insecta	Drosophila suzukii	28584	2
Insecta	Drosophila teissieri	7243	2
Insecta	Drosophila willistoni	7260	2
Insecta	Pararge aegeria	116150	2
Aves	Corvus cornix cornix	181096	2
Insecta	Culex quinquefasciatus	7176	2
Insecta	Coccinella septempunctata	41139	2
Aves	Gallus gallus	9031	2
Insecta	Cataglyphis hispanica	1086592	2
Aves	Catharus ustulatus	91951	2
Aves	Meleagris gallopavo	9103	2
Aves	Ficedula albicollis	59894	2
Aves	Chiroxiphia lanceolata	296741	2
Insecta	Melitaea cinxia	113334	2
Insecta	Plutella xylostella	51655	2
Aves	Melopsittacus undulatus	13146	2
Insecta	Culex pipiens pallens	7175	2
Insecta	Pieris napi	78633	2
Insecta	Pieris brassicae	7116	2
Aves	Falco rusticolus	120794	2
Insecta	Pieris rapae	64459	2
Aves	Falco naumanni	148594	2
Aves	Corvus hawaiiensis	134902	2
Aves	Corvus moneduloides	1196302	2
Insecta	Cotesia glomerata	32391	2
Insecta	Pectinophora gossypiella	13191	2
Aves	Coturnix japonica	93934	2
Aves	Molothrus ater	84834	2
Insecta	Colias croceus	72248	2
Ascidiacea	Ciona intestinalis	7719	1
Insecta	Aphis gossypii	80765	1
Malacostraca	Procambarus clarkii	6728	1
Insecta	Acyrthosiphon pisum	7029	1
Malacostraca	Portunus trituberculatus	210409	1
Insecta	Nilaparvata lugens	108931	1
Malacostraca	Penaeus chinensis	139456	1
Malacostraca	Penaeus monodon	6687	1
Insecta	Vespa crabro	7445	1
Insecta	Rhopalosiphum maidis	43146	1
Insecta	Vespula pensylvanica	30213	1
Insecta	Vespa velutina	202808	1
Insecta	Athalia rosae	37344	1
Insecta	Anopheles albimanus	7167	1
Insecta	Homalodisca vitripennis	197043	1
Insecta	Chrysoperla carnea	189513	1
Aves	Strigops habroptila	2489341	1
